token,triplet,source_outgoing_count,source_weight,policy_tvd,policy_js_bits,policy_kl_bits,classical_sequence_js_bits,ideal_sequence_js_bits,noisy_sequence_js_bits
0,"(-38, 1, 0)",1,0.0002069108214359611,0.9346415444972125,0.8193304459448809,3.941908779816988,0.9985614294040009,0.8193304459448809,0.9984990533090701
1,"(-38, 1, 82)",3,0.0006207324643078833,0.9725965310757796,0.905880998699546,5.225475868643086,0.905880998699546,0.31095689953030736,0.9987673746572212
2,"(-36, 1, 0)",1,0.0002069108214359611,0.9346415444972125,0.8193304459448809,3.941908779816988,0.8193304459448809,0.8193304459448809,0.8193304459448809
3,"(-23, 1, 0)",2,0.0004138216428719222,0.9346415444972125,0.8193304459448809,3.941908779816988,0.8193304459448809,0.8193304459448809,0.8193304459448809
4,"(-19, 1, 0)",3,0.0006207324643078833,0.9253590749535412,0.8067292046486876,3.9548993983072727,0.8067292046486876,0.8067292046486876,0.998461022260807
5,"(-18, 1, 0)",1,0.0002069108214359611,0.9346415444972125,0.8193304459448809,3.941908779816988,0.8193304459448809,0.8193304459448809,0.9978547163645454
6,"(-17, 1, 0)",6,0.0012414649286157666,0.8937986785050589,0.7618254280822504,4.016735894257944,0.7618254280822504,0.7618254280822504,0.9981666942181935
7,"(-17, 24, 0)",1,0.0002069108214359611,0.9965246747883543,0.9817969196819001,8.636708019650952,0.9817969196819001,0.9817969196819001,0.9817969196819001
8,"(-15, 1, 0)",15,0.0031036623215394167,0.15839479661366918,0.0809425532920869,0.24194318358399536,0.1191956186315072,0.5288093339274421,0.99849537207474
9,"(-14, 1, 0)",14,0.0028967515001034555,0.15398120999380538,0.0785623045658455,0.2346740440498065,0.9979247423930065,0.7627279860915654,0.7627279860915654
10,"(-13, 1, 0)",1,0.0002069108214359611,0.9897175304563286,0.9562624712047458,6.731843310104316,0.9562624712047458,0.9562624712047458,0.9989077668785884
11,"(-12, 1, 0)",40,0.008276432857438443,0.15027379723311995,0.0766352312170264,0.22887846661831224,0.29114363093095635,0.7473014937684561,0.7473014937684561
12,"(-11, 1, 0)",7,0.0014483757500517278,0.9346415444972125,0.8193304459448809,3.941908779816988,0.8193304459448809,0.8193304459448809,0.9985633294258704
13,"(-10, 1, 0)",37,0.007655700393130561,0.14699390594393688,0.07386689116920316,0.22068608468631423,0.20222876577187826,0.20222876577187826,0.9979701474070665
14,"(-10, 1, 1)",18,0.0037243947858473,0.15938344001651866,0.08147771129918976,0.24357995690628367,0.0,0.8123143203629164,0.9985186135972929
15,"(-10, 1, 2)",1,0.0002069108214359611,0.9639328928350197,0.8839473733897917,4.816624336216537,0.8839473733897917,0.8839473733897917,0.9987478475496878
16,"(-10, 2, 0)",2,0.0004138216428719222,0.9878610365475944,0.9501148721370078,6.469102747720036,0.9501148721370078,0.9501148721370078,0.9988462316222849
17,"(-10, 2, 2)",1,0.0002069108214359611,0.9981748915961179,0.9894751952287266,10.220053724110121,0.9894751952287266,0.9894751952287266,0.9989856966857493
18,"(-9, 1, 0)",3,0.0006207324643078833,0.9893049762543878,0.9566752620676089,7.31025611625175,0.9566752620676089,0.9566752620676089,0.9989119091427437
19,"(-9, 1, 1)",36,0.0074487895716946,0.15938344001651866,0.08147771129918976,0.24357995690628367,0.0,0.0,0.998412392115509
20,"(-8, 1, 0)",36,0.0074487895716946,0.15002663638240768,0.07644403453824318,0.2282243367392603,0.47845624839934653,0.9979817839876628,0.6901803269903322
21,"(-8, 1, 1)",48,0.009931719428926133,0.15938344001651866,0.08147771129918976,0.24357995690628367,0.31074831036935735,0.0,0.9984790632656568
22,"(-7, 1, 1)",27,0.00558659217877095,0.15938344001651866,0.08147771129918976,0.24357995690628367,0.8123143203629164,0.0,0.6088893035158489
23,"(-7, 2, 0)",18,0.0037243947858473,0.16909333058021891,0.08679506321178361,0.25992428549606805,0.0,0.0,0.9988388417547458
24,"(-7, 2, 3)",4,0.0008276432857438444,0.9692960974602518,0.8973205593518082,5.05577074286488,0.8973205593518082,0.8973205593518082,0.4585197056055208
25,"(-6, 1, 0)",21,0.004345127250155183,0.1604914604288959,0.08101197593507684,0.24271977814334322,0.8902246519919619,0.8902246519919619,0.8902246519919619
26,"(-6, 2, 0)",84,0.01738050900062073,0.16697480900268422,0.08563120931461818,0.25634196572208323,0.14506056106087,0.00013407669572104014,0.9138265334593128
27,"(-5, 1, 0)",42,0.008690254500310366,0.14603675407805072,0.07445108486195652,0.22232986052013184,0.5906118155492999,0.6711166244200624,0.9981264571875978
28,"(-5, 2, 0)",60,0.012414649286157667,0.16591554821391696,0.0850513649594168,0.25455996501258876,0.609235712401367,0.43823882204673625,0.9987827876232775
29,"(-5, 2, 3)",4,0.0008276432857438444,0.9692960974602518,0.8973205593518082,5.05577074286488,0.9985111842393752,0.9987522635510184,0.9987767089846522
30,"(-5, 3, 0)",2,0.0004138216428719222,0.9969372289902954,0.9836087462558252,8.899471648503933,0.9836087462558252,0.9989308072827252,0.9987001387507801
31,"(-5, 4, 0)",83,0.017173598179184773,0.1622434441461903,0.08313143708010132,0.24877119207283982,0.16236855867571964,0.3286128971556609,0.9986434285919552
32,"(-5, 24, 0)",1,0.0002069108214359611,0.9965246747883543,0.9817969196819001,8.636708019650952,0.9817969196819001,0.9817969196819001,0.9817969196819001
33,"(-4, 1, 0)",29,0.006000413821642872,0.16400887879413578,0.08401622054535411,0.25138999531192746,0.8841559746332486,0.751330934748266,0.9065490751234249
34,"(-4, 1, 1)",9,0.00186219739292365,0.9589822424117282,0.8721147148006769,4.626365796190262,0.8721147148006769,0.9984585580965892,0.9987087827671866
35,"(-4, 1, 5)",24,0.004965859714463066,0.16648048730125953,0.08535983335292929,0.2555069275394057,0.0,0.31089844654276405,0.9987964553775457
36,"(-4, 2, 0)",21,0.004345127250155183,0.14974416683873618,0.0763329350121286,0.22793580535921432,0.7392044434337441,0.6211307701355846,0.9982524125890416
37,"(-4, 3, 0)",2,0.0004138216428719222,0.998587445798059,0.9916788755475688,11.2190451967789,0.9916788755475688,0.9916788755475688,0.9985763466743367
38,"(-4, 35, 0)",1,0.0002069108214359611,0.9977623373941772,0.9874272634998881,9.635684401441326,0.9874272634998881,0.9874272634998881,0.9874272634998881
39,"(-3, 1, 0)",120,0.024829298572315334,0.133234410489366,0.06471771058553297,0.19376930942534668,0.22017001417496584,0.4334364887487503,0.9976822093199356
40,"(-3, 1, 1)",193,0.03993378853714049,0.15274540574024364,0.07800019198081132,0.23308893523153212,0.1820197628331559,0.13797160941182224,0.8231876866620659
41,"(-3, 3, 0)",4,0.0008276432857438444,0.9870359281437129,0.9494507933536194,6.770253020815233,0.9494507933536194,0.9494507933536194,0.9986600710938838
42,"(-3, 4, 2)",96,0.019863438857852266,0.1604780094982448,0.08207949853996024,0.24543279129520784,0.1877681110626251,0.0014565062077270853,0.9985842026590701
43,"(-3, 12, 0)",1,0.0002069108214359611,0.9818790006194509,0.9316656392851368,5.849667491097674,0.9316656392851368,0.9316656392851368,0.9986321802595106
44,"(-3, 16, 0)",1,0.0002069108214359611,0.998587445798059,0.9916788755475693,11.219045196778904,0.9916788755475693,0.9916788755475693,0.9987284749063928
45,"(-3, 32, 0)",3,0.0006207324643078833,0.9981748915961182,0.9895102511324094,10.301676115709201,0.9895102511324094,0.9989168577477955,0.9988786999043542
46,"(-2, 1, 0)",48,0.009931719428926133,0.1579710922981621,0.08074397467876526,0.24137536754682498,0.310474786449229,0.9354029820631082,0.9983725950249454
47,"(-2, 1, 1)",184,0.03807159114421684,0.15193330580218867,0.07751414664186615,0.23154262413585494,0.12950839606851186,0.08066631230148547,0.9981221948972192
48,"(-2, 2, 0)",44,0.009104076143182288,0.157688622754491,0.08055621504341064,0.24075615812770337,0.10039062421254769,0.10638793165518771,0.9983901226643046
49,"(-2, 2, 2)",2,0.0004138216428719222,0.998587445798059,0.9916788755475687,11.219045196778898,0.9916788755475687,0.9916788755475687,0.9916788755475687
50,"(-2, 3, 0)",17,0.0035174839644113386,0.16849308279991737,0.08646893352543741,0.2589252488211423,0.9472745825895468,0.9472745825895468,0.9988925427271724
51,"(-2, 3, 23)",2,0.0004138216428719222,0.9973497831922363,0.9854804319489718,9.22106995275205,0.9854804319489718,0.9854804319489718,0.9854804319489718
52,"(-2, 4, 0)",4,0.0008276432857438444,0.9835292174272146,0.9365791904334375,5.995715741716117,0.998429290292231,0.9988651986533333,0.9984573473135792
53,"(-2, 4, 2)",6,0.0012414649286157666,0.9977623373941772,0.9874272634998882,9.635684401441331,0.9874272634998882,0.9874272634998882,0.9874272634998882
54,"(-2, 4, 5)",3,0.0006207324643078833,0.9977623373941772,0.987427263499888,9.635684401441328,0.987427263499888,0.9987127371074017,0.9989763817903804
55,"(-1, 1, 0)",10,0.002069108214359611,0.9616638447243446,0.9012859757219307,6.820566698253874,0.9012859757219307,0.9986980436090126,0.9987550268630352
56,"(-1, 1, 1)",6,0.0012414649286157666,0.9961121205864134,0.98003485127962,8.414545633545014,0.98003485127962,0.98003485127962,0.98003485127962
57,"(-1, 2, 0)",135,0.027932960893854747,0.15358418335742308,0.0763101178190997,0.22858921848527144,0.2942994305172807,0.05477313116716752,0.9982592453699066
58,"(-1, 3, 0)",9,0.00186219739292365,0.981053892215569,0.9366958520084339,6.446039852188308,0.9366958520084339,0.9366958520084339,0.9366958520084339
59,"(-1, 4, 0)",111,0.022967101179391682,0.1608664051207928,0.08237316423796862,0.24643379077532818,0.36291306797916817,0.2786123341863932,0.8597437062404221
60,"(-1, 8, 1)",3,0.0006207324643078833,0.9983811686970885,0.9905517449486707,10.634671972843138,0.9905517449486707,0.9984806987099553,0.99890563198786
61,"(-1, 12, 1)",2,0.0004138216428719222,0.998587445798059,0.9916788755475684,11.219045196778909,0.9916788755475684,0.9916788755475684,0.9987274062844445
62,"(0, 1, 0)",4,0.0008276432857438444,0.9329913276894489,0.8712043119453163,7.091434132314483,0.9984752303909057,0.8712043119453163,0.9981276939652723
63,"(0, 1, 1)",170,0.03517483964411339,0.15309849266983275,0.0780802550750617,0.2331942702599125,0.12667527878366416,0.1906697223768814,0.9982479634906785
64,"(0, 1, 2)",3,0.0006207324643078833,0.9983811686970887,0.9905517449486712,10.63467197284314,0.9905517449486712,0.9905517449486712,0.9989875714018114
65,"(0, 1, 3)",2,0.0004138216428719222,0.9346415444972125,0.8193304459448809,3.941908779816988,0.8193304459448809,0.8193304459448809,0.9985443462130884
66,"(0, 1, 29)",8,0.0016552865714876887,0.9639328928350197,0.8839473733897917,4.816624336216537,0.8839473733897917,0.9986466838838917,0.9986872854187385
67,"(0, 1, 123)",2,0.0004138216428719222,0.9346415444972125,0.8193304459448809,3.941908779816988,0.8193304459448809,0.9983196263709315,0.9985652800593547
68,"(0, 2, 0)",55,0.01138009517897786,0.15320441874870946,0.07821680169641713,0.2337093874552831,0.21162238721840002,0.34134192403944025,0.7728808212248766
69,"(0, 2, 1)",312,0.06455617628801986,0.1337076827776807,0.06598660068221643,0.19701563269283143,0.2845693116505783,0.45124429336533045,0.852735280399421
70,"(0, 2, 2)",196,0.04055452100144837,0.14810519495842944,0.07411631883406761,0.22144386965830176,0.2696836097416334,0.10249661899026674,0.7203391909798509
71,"(0, 2, 3)",28,0.005793503000206911,0.15857134007846369,0.08109601018988565,0.24248596758381255,0.8246794353041895,0.8246794353041895,0.9982611952236653
72,"(0, 2, 29)",1,0.0002069108214359611,0.9981748915961179,0.9894751952287266,10.220053724110121,0.9894751952287266,0.9894751952287266,0.3109269732513382
73,"(0, 3, 0)",12,0.002482929857231533,0.16976419574643814,0.08716409422473842,0.2610607895814268,0.9634280424401587,0.9634280424401587,0.9989147363817978
74,"(0, 3, 1)",45,0.00931098696461825,0.1546873838529837,0.07902849694110044,0.23620702546995503,0.6041239667580723,0.6695091620412192,0.9983457120225192
75,"(0, 3, 2)",144,0.0297951582867784,0.1555701011769564,0.07943356225019982,0.23735393374419594,0.3675558687663085,0.32225104831018375,0.9064175010323352
76,"(0, 4, 0)",3,0.0006207324643078833,0.9833229403262442,0.9398179225060375,7.15253032433428,0.9398179225060375,0.9398179225060375,0.9988043517653913
77,"(0, 4, 2)",153,0.03165735567970205,0.15878319223621726,0.08115415371922938,0.24259213720613776,0.05692872812328378,0.17766203037207406,0.9979977039218693
78,"(0, 5, 1)",22,0.004552038071591144,0.16640986991534182,0.08532618090677555,0.25541005052102506,0.9098146347407368,0.9098146347407368,0.703316967265255
79,"(0, 8, 0)",1,0.0002069108214359611,0.9987937228990296,0.9928839112505623,12.218040726586343,0.9928839112505623,0.9928839112505623,0.9989325333176862
80,"(0, 9, 5)",3,0.0006207324643078833,0.9639328928350197,0.8839473733897917,4.816624336216537,0.8839473733897917,0.8839473733897917,0.8839473733897917
81,"(0, 12, 0)",1,0.0002069108214359611,0.9983811686970886,0.9905517449486707,10.634671972843137,0.9905517449486707,0.9905517449486707,0.9905517449486707
82,"(0, 12, 1)",12,0.002482929857231533,0.17057629568449303,0.08761109688829025,0.26243779638618314,0.19067612171616938,0.9817969196818994,0.9817969196818994
83,"(0, 20, 5)",2,0.0004138216428719222,0.9944619037786496,0.9733643330942481,7.76315082690994,0.9733643330942481,0.9733643330942481,0.9733643330942481
84,"(0, 24, 0)",6,0.0012414649286157666,0.9952870121825316,0.9768527025306408,8.153857862134801,0.9768527025306408,0.9768527025306408,0.9768527025306408
85,"(0, 24, 1)",3,0.0006207324643078833,0.9952870121825315,0.9772500466657619,8.385351925449521,0.9772500466657619,0.9772500466657619,0.9772500466657619
86,"(0, 32, 0)",2,0.0004138216428719222,0.9977623373941772,0.9874272634998881,9.635684401441326,0.9874272634998881,0.9874272634998881,0.9874272634998881
87,"(1, 1, 0)",1,0.0002069108214359611,0.9725965310757796,0.905880998699546,5.225475868643086,0.905880998699546,0.905880998699546,0.9985058940868059
88,"(1, 1, 1)",14,0.0028967515001034555,0.1617491224447657,0.08280371522289978,0.2476953390112558,0.8690892637196488,0.9984118295944273,0.8690892637196488
89,"(1, 2, 0)",111,0.022967101179391682,0.14736003482317733,0.07495828416866951,0.2241127315501434,0.12864696053392397,0.6257584718807976,0.9981464042655535
90,"(1, 2, 1)",42,0.008690254500310366,0.16503283088994425,0.08456603110367403,0.25306560168842257,0.0,0.0,0.9985333284078903
91,"(1, 2, 2)",54,0.0111731843575419,0.16503283088994425,0.08456603110367403,0.25306560168842257,0.0,0.19043296014321057,0.8844505191637828
92,"(1, 3, 0)",6,0.0012414649286157666,0.9327850505884784,0.8584810563776446,6.503732592824434,0.998410460882312,0.8584810563776446,0.9984502732877751
93,"(1, 4, 0)",75,0.015518311607697082,0.16588023952095807,0.08503410425574148,0.25450963561379464,0.3608519406017513,0.3607796230555941,0.9011547656745966
94,"(1, 6, 9)",4,0.0008276432857438444,0.9969372289902954,0.9836087462558254,8.89947164850393,0.9836087462558254,0.9836087462558254,0.9989788439459835
95,"(1, 21, 0)",1,0.0002069108214359611,0.9965246747883543,0.9817969196819001,8.636708019650952,0.9817969196819001,0.9817969196819001,0.998907130316125
97,"(2, 1, 0)",127,0.02627767432236706,0.16411007851253775,0.08394225499285246,0.2512315622931027,0.12682557232344496,0.1477573927482742,0.9980858948443889
98,"(2, 1, 1)",188,0.03889923442996069,0.1612801553898804,0.07904166649952649,0.23733566783910306,0.09173329193459479,0.09757545503581999,0.9984542905823193
99,"(2, 2, 0)",169,0.03496792882267743,0.14859318701914684,0.07254729886035682,0.21744625437219772,0.17529480668673897,0.1840748319219419,0.9980829060129393
100,"(2, 2, 2)",3,0.0006207324643078833,0.9983811686970885,0.9905517449486709,10.63467197284314,0.9905517449486709,0.9905517449486709,0.9987279019788777
101,"(2, 3, 23)",2,0.0004138216428719222,0.9977623373941773,0.9874272634998882,9.635684401441328,0.9874272634998882,0.9874272634998882,0.9989199047420372
102,"(2, 4, 0)",2,0.0004138216428719222,0.9835292174272146,0.9365791904334375,5.995715741716117,0.9365791904334375,0.9365791904334375,0.9984715896159702
103,"(2, 4, 2)",3,0.0006207324643078833,0.9977623373941772,0.987427263499888,9.635684401441328,0.987427263499888,0.987427263499888,0.987427263499888
104,"(3, 1, 0)",12,0.002482929857231533,0.15175676233739413,0.07763150684023556,0.23216090898891684,0.8156949099257271,0.8156949099257271,0.8835403405186979
105,"(3, 1, 1)",329,0.06807366025243121,0.15251080147638907,0.0777371216841369,0.2323675972406211,0.2299842764140018,0.18213775185020925,0.7028869437389083
106,"(3, 2, 0)",79,0.016345954893440928,0.1650328308899442,0.08457322894263923,0.25309709826653176,0.03229955235680347,0.21440713195499428,0.9987124603983568
107,"(3, 2, 1)",4,0.0008276432857438444,0.9740404707825729,0.9097154237341183,5.306509457894202,0.9097154237341183,0.9097154237341183,0.9988041810064442
108,"(3, 3, 0)",6,0.0012414649286157666,0.9971435060912658,0.9846120915908936,9.136196210546137,0.9846120915908936,0.9846120915908936,0.5946522446201228
109,"(3, 4, 0)",10,0.002069108214359611,0.9740404707825729,0.9097154237341183,5.306509457894202,0.9097154237341183,0.9097154237341183,0.998809775812159
110,"(3, 16, 0)",2,0.0004138216428719222,0.9985874457980592,0.991678875547569,11.219045196778904,0.991678875547569,0.991678875547569,0.9989206733165181
111,"(3, 32, 0)",1,0.0002069108214359611,0.9987937228990296,0.9928839112505621,12.21804072658634,0.9928839112505621,0.9928839112505621,0.998855745306338
112,"(4, 1, 0)",15,0.0031036623215394167,0.16972888705347922,0.08714473155978462,0.2610012382430146,0.8192327438223799,0.9631966835449426,0.9989350120752325
113,"(4, 1, 1)",36,0.0074487895716946,0.16972888705347916,0.08714466366688639,0.26100093886544956,0.962677514826848,0.15129010349480482,0.9989287913674809
114,"(4, 2, 1)",3,0.0006207324643078833,0.9711525913689862,0.9021021481482463,5.148759009809494,0.9021021481482463,0.9021021481482463,0.9986534479422602
115,"(4, 2, 2)",4,0.0008276432857438444,0.9866233739417717,0.9461419996870664,6.3172719429316135,0.9461419996870664,0.9984511758753009,0.9461419996870664
116,"(4, 3, 0)",8,0.0016552865714876887,0.9926054098699155,0.9685866179914455,7.9825330156217404,0.9685866179914455,0.9685866179914455,0.9685866179914455
117,"(4, 4, 0)",1,0.0002069108214359611,0.9835292174272146,0.9365791904334375,5.995715741716117,0.9365791904334375,0.9365791904334375,0.9988193543993107
118,"(4, 4, 1)",6,0.0012414649286157666,0.9930179640718562,0.9678945898352266,7.365025349231651,0.9678945898352266,0.9987206797010176,0.9987152288455847
119,"(4, 8, 0)",1,0.0002069108214359611,0.9987937228990296,0.9928839112505623,12.218040726586345,0.9928839112505623,0.9928839112505623,0.9928839112505623
120,"(4, 21, 0)",2,0.0004138216428719222,0.9965246747883543,0.9817969196819001,8.636708019650952,0.9817969196819001,0.9817969196819001,0.9817969196819001
121,"(4, 31, 0)",3,0.0006207324643078833,0.9983811686970886,0.9905517449486707,10.634671972843137,0.9905517449486707,0.9905517449486707,0.9989875967076187
122,"(4, 32, 0)",3,0.0006207324643078833,0.9977623373941772,0.9874272634998881,9.635684401441326,0.9874272634998881,0.9874272634998881,0.9988630356703613
123,"(5, 1, 0)",6,0.0012414649286157666,0.9876547594466241,0.9504396150501784,6.779679556494717,0.9986425710609375,0.9504396150501784,0.9986904350287609
124,"(5, 1, 1)",45,0.00931098696461825,0.16930518273797224,0.08691157533563149,0.26028307578569404,0.0,0.0,0.9988717123608424
125,"(5, 2, 0)",92,0.01903579557210842,0.16386764402230014,0.0839299181904281,0.2511129341876945,0.6271116012766416,0.10917879807647127,0.6611510534019782
126,"(5, 2, 2)",2,0.0004138216428719222,0.9672333264505472,0.8921029445898454,4.959037011211828,0.8921029445898454,0.8921029445898454,0.9984329238368044
127,"(5, 2, 3)",2,0.0004138216428719222,0.9672333264505472,0.8921029445898454,4.959037011211828,0.8921029445898454,0.8921029445898454,0.8921029445898454
128,"(5, 4, 0)",63,0.01303538175046555,0.16443258310964268,0.08424035683700555,0.25206855521647065,0.4585691436728635,0.0,0.8798611826177517
129,"(5, 4, 1)",9,0.00186219739292365,0.99033636175924,0.9583683294357499,6.831269063883638,0.9583683294357499,0.9583683294357499,0.9986710515062164
130,"(5, 6, 2)",2,0.0004138216428719222,0.9969372289902954,0.9836087462558254,8.89947164850393,0.9836087462558254,0.9989729647212986,0.9836087462558254
131,"(6, 1, 1)",36,0.0074487895716946,0.16972888705347922,0.08714466366688636,0.2610009388654497,0.0,0.0,0.9626775148268485
132,"(6, 2, 0)",64,0.01324229257190151,0.1639029527152591,0.08397392431240255,0.251279658973547,0.4161960599982629,0.2537594203076552,0.8837784838939959
133,"(6, 3, 23)",2,0.0004138216428719222,0.9981748915961179,0.9894751952287271,10.220053724110125,0.9894751952287271,0.9894751952287271,0.9989896505827569
134,"(6, 10, 0)",8,0.0016552865714876887,0.9921928556679744,0.9657900522540642,7.388033249814925,0.9989325327082683,0.9657900522540642,0.9657900522540642
135,"(7, 1, 0)",1,0.0002069108214359611,0.9977623373941771,0.9874272634998882,9.635684401441331,0.9874272634998882,0.9874272634998882,0.9874272634998882
136,"(7, 1, 1)",18,0.0037243947858473,0.17036444352673963,0.08749445649300076,0.2620784404643485,0.0,0.9766330837414869,0.9766330837414869
137,"(7, 2, 0)",54,0.0111731843575419,0.16231406153210814,0.0830812988065592,0.24850729887553108,0.1433163331245535,0.04491926805516247,0.519438409104811
138,"(7, 2, 2)",4,0.0008276432857438444,0.9672333264505472,0.8921029445898454,4.959037011211828,0.9983408808130017,0.8921029445898454,0.9985040756600395
139,"(8, 1, 0)",1,0.0002069108214359611,0.9740404707825729,0.9097154237341183,5.306509457894202,0.9097154237341183,0.9097154237341183,0.9986741237534751
140,"(8, 2, 0)",21,0.004345127250155183,0.1696229609746024,0.087086392115277,0.26082147543258877,0.024199380840450032,0.024199380840450032,0.9989279465428323
141,"(8, 3, 0)",2,0.0004138216428719222,0.991574024365063,0.9626775148268483,7.053418128012696,0.9626775148268483,0.9626775148268483,0.9988638923506088
142,"(8, 4, 0)",22,0.004552038071591144,0.1670454263886021,0.0856698788934827,0.2564608236535071,0.9147324183456549,0.0,0.9988165783560461
143,"(8, 10, 0)",1,0.0002069108214359611,0.9987937228990296,0.9928839112505619,12.218040726586349,0.9987491691518361,0.9928839112505619,0.9989844434369255
144,"(9, 1, 0)",3,0.0006207324643078833,0.9878610365475944,0.9503520167353665,6.515781428616735,0.9503520167353665,0.9503520167353665,0.9503520167353665
145,"(9, 10, 0)",3,0.0006207324643078833,0.997556060293207,0.9865666933038942,9.579103156448097,0.9865666933038942,0.9865666933038942,0.998964127868941
146,"(10, 2, 0)",43,0.008897165321746328,0.16178443113772448,0.0828567493841288,0.2479005083656475,0.09955546152613162,0.3039447511242986,0.8811015080160878
147,"(10, 4, 0)",3,0.0006207324643078833,0.9835292174272146,0.9365791904334375,5.995715741716117,0.9985992172517406,0.9988763376533335,0.998736938418193
148,"(10, 10, 0)",1,0.0002069108214359611,0.9913677472640925,0.961949668657135,7.013932805771545,0.961949668657135,0.961949668657135,0.9988621397548998
149,"(11, 2, 0)",7,0.0014483757500517278,0.9975560602932066,0.9864431876098217,9.413518400423651,0.9988612282144911,0.9864431876098217,0.9987364660852869
150,"(12, 1, 0)",3,0.0006207324643078833,0.9641391699359902,0.8845873706635435,4.833469575265297,0.8845873706635435,0.9987453314470459,0.9982974251787772
151,"(12, 1, 29)",3,0.0006207324643078833,0.9311348337807146,0.8123143203629164,3.8654924957798724,0.8123143203629164,0.8123143203629164,0.8123143203629164
152,"(12, 2, 0)",33,0.006828057107386716,0.16679826553788973,0.08558864486877735,0.2562788211435667,0.9383001497537599,0.9383001497537599,0.9383001497537599
153,"(12, 3, 0)",1,0.0002069108214359611,0.9907489159611809,0.959789684450751,6.901581044510223,0.959789684450751,0.959789684450751,0.959789684450751
154,"(12, 4, 0)",4,0.0008276432857438444,0.9835292174272146,0.9365791904334375,5.995715741716117,0.9986140582507782,0.9365791904334375,0.9365791904334375
155,"(14, 2, 0)",14,0.0028967515001034555,0.17050567829857508,0.08757221437840358,0.2623180005877306,0.0,0.9800348512796199,0.9800348512796199
156,"(14, 10, 0)",1,0.0002069108214359611,0.9983811686970886,0.9905517449486707,10.634671972843137,0.9905517449486707,0.9905517449486707,0.998981976596096
157,"(15, 2, 0)",15,0.0031036623215394167,0.17047036960561618,0.08755277401531192,0.2622581066230328,0.0,0.9791701534049101,0.9989492522861136
158,"(16, 2, 0)",1,0.0002069108214359611,0.9977623373941771,0.9874272634998877,9.635684401441326,0.9989607153655036,0.9989269439755576,0.9874272634998877
159,"(17, 2, 0)",2,0.0004138216428719222,0.9977623373941771,0.9874272634998877,9.635684401441326,0.9874272634998877,0.9874272634998877,0.9874272634998877
160,"(18, 2, 0)",1,0.0002069108214359611,0.9987937228990295,0.992883911250562,12.218040726586342,0.992883911250562,0.992883911250562,0.9989349676764923
161,"(19, 1, 1)",2,0.0004138216428719222,0.9890986991534172,0.9541861492983502,6.6388373395924845,0.9989122798697465,0.9541861492983502,0.9989161305250999
162,"(19, 2, 0)",1,0.0002069108214359611,0.9983811686970886,0.9905517449486707,10.634671972843137,0.9905517449486707,0.9905517449486707,0.9989466935827251
163,"(23, 1, 1)",1,0.0002069108214359611,0.9740404707825729,0.9097154237341183,5.306509457894202,0.9097154237341183,0.9097154237341183,0.9097154237341183
164,"(24, 1, 0)",2,0.0004138216428719222,0.9866233739417718,0.9478447740374587,6.638874664698984,0.998452898333967,0.9478447740374587,0.9989019742644001
165,"(26, 1, 1)",1,0.0002069108214359611,0.9890986991534172,0.9541861492983502,6.6388373395924845,0.9541861492983502,0.9984899379156746,0.9984899379156746
166,"(29, 1, 0)",1,0.0002069108214359611,0.9740404707825729,0.9097154237341183,5.306509457894202,0.9097154237341183,0.9097154237341183,0.9097154237341183
167,"(31, 1, 1)",1,0.0002069108214359611,0.9930179640718562,0.9678945898352266,7.365025349231651,0.9678945898352266,0.9678945898352266,0.9678945898352266
168,"(36, 1, 1)",1,0.0002069108214359611,0.99033636175924,0.9583683294357499,6.831269063883638,0.9583683294357499,0.9583683294357499,0.9583683294357499
